algo,world_size,data_size_mb_target,data_size_mb_actual,chunk_size,dtype,warmup,repeat,value_scale,step_count,correct,mean_ms,std_ms,min_ms,max_ms
ring,5,1.0,0.9999847412109375,52428,float32,5,30,10,8,True,0.5401066666666621,0.056652667912541005,0.4639000000000171,0.6880999999999693
ibing,5,1.0,0.9999847412109375,52428,float32,5,30,10,4,True,0.7415000000000024,0.154803241078076,0.5419000000000396,1.2423000000000295
mpi_allreduce,5,1.0,0.9999847412109375,52428,float32,5,30,10,-1,True,1.0107466666666658,0.22294079581086543,0.7388000000000394,1.6679
ring,5,10.0,10.0,524288,float32,5,30,10,8,True,23.976969999999998,1.5564718095411845,21.512100000000032,27.6384999999999
ibing,5,10.0,10.0,524288,float32,5,30,10,4,True,25.566240000000015,1.2734118058626702,23.513200000000012,27.597800000000117
mpi_allreduce,5,10.0,10.0,524288,float32,5,30,10,-1,True,21.647659999999973,1.1224304735705704,20.06520000000034,24.24509999999991
ring,5,50.0,50.0,2621440,float32,5,30,10,8,True,143.7061666666667,3.6620049420232106,136.5463,150.36910000000069
ibing,5,50.0,50.0,2621440,float32,5,30,10,4,True,137.01518999999985,3.5608240207074107,130.35490000000038,145.70469999999958
mpi_allreduce,5,50.0,50.0,2621440,float32,5,30,10,-1,True,123.29641666666629,4.15042695170464,118.01230000000018,134.9248000000003
