algo,world_size,data_size_mb_target,data_size_mb_actual,chunk_size,dtype,warmup,repeat,value_scale,step_count,correct,mean_ms,std_ms,min_ms,max_ms
ring,5,1.0,0.9999847412109375,52428,float32,10,100,10,8,True,0.7013780000000103,0.11999006152447272,0.5148000000000374,1.2048000000000059
ibing,5,1.0,0.9999847412109375,52428,float32,10,100,10,4,True,0.8382720000000055,0.23472960764043246,0.530400000000042,1.9593999999999445
mpi_allreduce,5,1.0,0.9999847412109375,52428,float32,10,100,10,-1,True,1.1081280000000027,0.3067160639003836,0.7378000000000107,3.083599999999964
ring,5,10.0,10.0,524288,float32,10,100,10,8,True,26.78331500000003,1.9032561946038815,24.122100000000035,34.90539999999997
ibing,5,10.0,10.0,524288,float32,10,100,10,4,True,31.900595000000116,9.389053350657425,25.80730000000031,84.86109999999947
mpi_allreduce,5,10.0,10.0,524288,float32,10,100,10,-1,True,26.116633000000142,2.523777796653195,22.772200000000353,35.041300000001385
ring,5,50.0,50.0,2621440,float32,10,100,10,8,True,154.5912390000003,6.552134132516065,143.1406000000024,175.60390000000226
ibing,5,50.0,50.0,2621440,float32,10,100,10,4,True,145.16478500000048,4.20460837255221,134.82030000000123,157.1631999999994
mpi_allreduce,5,50.0,50.0,2621440,float32,10,100,10,-1,True,130.16786100000004,7.269914489234569,121.749400000013,161.69110000000586
