algo,world_size,data_size_mb_target,data_size_mb_actual,chunk_size,dtype,warmup,repeat,value_scale,step_count,correct,mean_ms,std_ms,min_ms,max_ms
ring,4,1.0,1.0,65536,float32,10,100,10,6,True,0.30198600000000186,0.0954271873464191,0.23200000000000998,0.6956000000000184
ibing,4,1.0,1.0,65536,float32,10,100,10,3,True,0.6569370000000002,0.13816596640901385,0.4889999999999617,1.1896000000000129
mpi_allreduce,4,1.0,1.0,65536,float32,10,100,10,-1,True,0.70988100000001,0.1699700595708081,0.4691000000000001,1.5134999999999454
ring,4,10.0,10.0,655360,float32,10,100,10,6,True,21.446245999999977,2.2988575553262867,18.265399999999985,29.775799999999908
ibing,4,10.0,10.0,655360,float32,10,100,10,3,True,22.785918000000024,1.5529749421628514,19.24070000000011,28.3187999999992
mpi_allreduce,4,10.0,10.0,655360,float32,10,100,10,-1,True,18.887428000000035,1.0286155738680718,16.882899999998813,23.005899999999357
ring,4,50.0,50.0,3276800,float32,10,100,10,6,True,124.32373300000015,35.12066290526792,105.41489999999953,420.02259999999933
ibing,4,50.0,50.0,3276800,float32,10,100,10,3,True,110.92932199999971,5.485583043910105,101.7842999999985,130.88400000000178
mpi_allreduce,4,50.0,50.0,3276800,float32,10,100,10,-1,True,97.05636599999977,2.905465476788576,90.84820000000349,108.778700000002
