algo,world_size,data_size_mb_target,data_size_mb_actual,chunk_size,dtype,warmup,repeat,value_scale,step_count,correct,mean_ms,std_ms,min_ms,max_ms
ring,3,1.0,0.9999961853027344,87381,float32,10,100,10,4,True,0.8931840000000052,0.1028609964461674,0.732300000000019,1.1918000000000206
ibing,3,1.0,0.9999961853027344,87381,float32,10,100,10,2,True,0.7463280000000055,0.10897875066713811,0.5597999999999992,1.0812000000000044
mpi_allreduce,3,1.0,0.9999961853027344,87381,float32,10,100,10,-1,True,0.7597520000000024,0.08066776668420662,0.6319000000000186,1.0409000000000113
ring,3,10.0,9.999996185302734,873813,float32,10,100,10,4,True,12.826831000000032,0.7593453092804758,11.721400000000104,14.781500000000003
ibing,3,10.0,9.999996185302734,873813,float32,10,100,10,2,True,14.099357999999992,1.178394762719198,11.941499999999827,16.91880000000001
mpi_allreduce,3,10.0,9.999996185302734,873813,float32,10,100,10,-1,True,13.047403999999991,1.62063836025538,10.671700000000506,19.144700000000014
ring,3,50.0,49.99999237060547,4369066,float32,10,100,10,4,True,75.73007300000002,4.250982145669197,68.84310000000049,98.70939999999973
ibing,3,50.0,49.99999237060547,4369066,float32,10,100,10,2,True,73.97386500000007,3.468366722463096,68.4180000000012,84.63060000000056
mpi_allreduce,3,50.0,49.99999237060547,4369066,float32,10,100,10,-1,True,75.43520699999985,5.639266197110014,68.00520000000176,95.10339999999928
