algo,world_size,data_size_mb_target,data_size_mb_actual,chunk_size,dtype,warmup,repeat,value_scale,step_count,correct,mean_ms,std_ms,min_ms,max_ms
ring,8,1.0,1.0,32768,float32,5,30,10,14,True,0.48226000000001396,0.1392206796965667,0.3555000000000641,0.7829999999999782
ibing,8,1.0,1.0,32768,float32,5,30,10,7,True,0.8414600000000197,0.18745220374712093,0.5882000000000387,1.2832000000000399
mpi_allreduce,8,1.0,1.0,32768,float32,5,30,10,-1,True,1.6782300000000065,0.3922720169421592,0.7935000000000025,2.798200000000084
ring,8,10.0,10.0,327680,float32,5,30,10,14,True,44.124003333333334,2.343405313594199,39.92200000000024,48.88530000000002
ibing,8,10.0,10.0,327680,float32,5,30,10,7,True,50.528710000000046,1.6939388895768057,47.03570000000035,53.155700000000024
mpi_allreduce,8,10.0,10.0,327680,float32,5,30,10,-1,True,36.926700000000096,0.967467719144186,35.52270000000046,39.804300000000126
ring,8,50.0,50.0,1638400,float32,5,30,10,14,True,237.9367433333335,2.7731455675984193,231.76810000000003,242.96269999999964
ibing,8,50.0,50.0,1638400,float32,5,30,10,7,True,247.58079000000032,7.70458654261565,235.77689999999762,261.52599999999995
mpi_allreduce,8,50.0,50.0,1638400,float32,5,30,10,-1,True,200.98321000000004,4.378467950397327,193.01080000000326,211.12229999999954
